{
  "AWSTemplateFormatVersion": "2010-09-09",
  "Description": "The AWS CloudFormation template for this Serverless application",
  "Resources": {
    "ServerlessDeploymentBucket": {
      "Type": "AWS::S3::Bucket",
      "Properties": {
        "BucketEncryption": {
          "ServerSideEncryptionConfiguration": [
            {
              "ServerSideEncryptionByDefault": {
                "SSEAlgorithm": "AES256"
              }
            }
          ]
        }
      }
    },
    "ServerlessDeploymentBucketPolicy": {
      "Type": "AWS::S3::BucketPolicy",
      "Properties": {
        "Bucket": {
          "Ref": "ServerlessDeploymentBucket"
        },
        "PolicyDocument": {
          "Statement": [
            {
              "Action": "s3:*",
              "Effect": "Deny",
              "Principal": "*",
              "Resource": [
                {
                  "Fn::Join": [
                    "",
                    [
                      "arn:",
                      {
                        "Ref": "AWS::Partition"
                      },
                      ":s3:::",
                      {
                        "Ref": "ServerlessDeploymentBucket"
                      },
                      "/*"
                    ]
                  ]
                },
                {
                  "Fn::Join": [
                    "",
                    [
                      "arn:",
                      {
                        "Ref": "AWS::Partition"
                      },
                      ":s3:::",
                      {
                        "Ref": "ServerlessDeploymentBucket"
                      }
                    ]
                  ]
                }
              ],
              "Condition": {
                "Bool": {
                  "aws:SecureTransport": false
                }
              }
            }
          ]
        }
      }
    },
    "AuthLogGroup": {
      "Type": "AWS::Logs::LogGroup",
      "Properties": {
        "LogGroupName": "/aws/lambda/serverless-todo-app-dev-Auth"
      }
    },
    "GetTodosLogGroup": {
      "Type": "AWS::Logs::LogGroup",
      "Properties": {
        "LogGroupName": "/aws/lambda/serverless-todo-app-dev-GetTodos"
      }
    },
    "CreateTodoLogGroup": {
      "Type": "AWS::Logs::LogGroup",
      "Properties": {
        "LogGroupName": "/aws/lambda/serverless-todo-app-dev-CreateTodo"
      }
    },
    "UpdateTodoLogGroup": {
      "Type": "AWS::Logs::LogGroup",
      "Properties": {
        "LogGroupName": "/aws/lambda/serverless-todo-app-dev-UpdateTodo"
      }
    },
    "DeleteTodoLogGroup": {
      "Type": "AWS::Logs::LogGroup",
      "Properties": {
        "LogGroupName": "/aws/lambda/serverless-todo-app-dev-DeleteTodo"
      }
    },
    "GenerateUploadUrlLogGroup": {
      "Type": "AWS::Logs::LogGroup",
      "Properties": {
        "LogGroupName": "/aws/lambda/serverless-todo-app-dev-GenerateUploadUrl"
      }
    },
    "IamRoleLambdaExecution": {
      "Type": "AWS::IAM::Role",
      "Properties": {
        "AssumeRolePolicyDocument": {
          "Version": "2012-10-17",
          "Statement": [
            {
              "Effect": "Allow",
              "Principal": {
                "Service": [
                  "lambda.amazonaws.com"
                ]
              },
              "Action": [
                "sts:AssumeRole"
              ]
            }
          ]
        },
        "Policies": [
          {
            "PolicyName": {
              "Fn::Join": [
                "-",
                [
                  "serverless-todo-app",
                  "dev",
                  "lambda"
                ]
              ]
            },
            "PolicyDocument": {
              "Version": "2012-10-17",
              "Statement": [
                {
                  "Effect": "Allow",
                  "Action": [
                    "logs:CreateLogStream",
                    "logs:CreateLogGroup",
                    "logs:TagResource"
                  ],
                  "Resource": [
                    {
                      "Fn::Sub": "arn:${AWS::Partition}:logs:${AWS::Region}:${AWS::AccountId}:log-group:/aws/lambda/serverless-todo-app-dev*:*"
                    }
                  ]
                },
                {
                  "Effect": "Allow",
                  "Action": [
                    "logs:PutLogEvents"
                  ],
                  "Resource": [
                    {
                      "Fn::Sub": "arn:${AWS::Partition}:logs:${AWS::Region}:${AWS::AccountId}:log-group:/aws/lambda/serverless-todo-app-dev*:*:*"
                    }
                  ]
                },
                {
                  "Effect": "Allow",
                  "Action": [
                    "xray:PutTraceSegments",
                    "xray:PutTelemetryRecords"
                  ],
                  "Resource": [
                    "*"
                  ]
                }
              ]
            }
          }
        ],
        "Path": "/",
        "RoleName": {
          "Fn::Join": [
            "-",
            [
              "serverless-todo-app",
              "dev",
              {
                "Ref": "AWS::Region"
              },
              "lambdaRole"
            ]
          ]
        }
      }
    },
    "AuthLambdaFunction": {
      "Type": "AWS::Lambda::Function",
      "Properties": {
        "Code": {
          "S3Bucket": {
            "Ref": "ServerlessDeploymentBucket"
          },
          "S3Key": "serverless/serverless-todo-app/dev/1679474820510-2023-03-22T08:47:00.510Z/serverless-todo-app.zip"
        },
        "Handler": "src/lambda/auth/auth0Authorizer.handler",
        "Runtime": "nodejs14.x",
        "FunctionName": "serverless-todo-app-dev-Auth",
        "MemorySize": 1024,
        "Timeout": 6,
        "TracingConfig": {
          "Mode": "PassThrough"
        },
        "Environment": {
          "Variables": {
            "TODOS_TABLE": "Todos-dev",
            "TODOS_CREATED_AT_INDEX": "CreatedAtIndex",
            "TODOS_TABLE_GSI": "userIdGSI",
            "ATTACHMENT_S3_BUCKET": "serverless-c4-todo-images-tinhdh-dev",
            "SIGNED_URL_EXPIRATION": "300"
          }
        },
        "Role": {
          "Fn::GetAtt": [
            "IamRoleLambdaExecution",
            "Arn"
          ]
        }
      },
      "DependsOn": [
        "AuthLogGroup"
      ]
    },
    "GetTodosLambdaFunction": {
      "Type": "AWS::Lambda::Function",
      "Properties": {
        "Code": {
          "S3Bucket": {
            "Ref": "ServerlessDeploymentBucket"
          },
          "S3Key": "serverless/serverless-todo-app/dev/1679474820510-2023-03-22T08:47:00.510Z/serverless-todo-app.zip"
        },
        "Handler": "src/lambda/http/getTodos.handler",
        "Runtime": "nodejs14.x",
        "FunctionName": "serverless-todo-app-dev-GetTodos",
        "MemorySize": 1024,
        "Timeout": 6,
        "TracingConfig": {
          "Mode": "PassThrough"
        },
        "Environment": {
          "Variables": {
            "TODOS_TABLE": "Todos-dev",
            "TODOS_CREATED_AT_INDEX": "CreatedAtIndex",
            "TODOS_TABLE_GSI": "userIdGSI",
            "ATTACHMENT_S3_BUCKET": "serverless-c4-todo-images-tinhdh-dev",
            "SIGNED_URL_EXPIRATION": "300"
          }
        },
        "Role": {
          "Fn::GetAtt": [
            "GetTodosIamRoleLambdaExecution",
            "Arn"
          ]
        }
      },
      "DependsOn": [
        "GetTodosIamRoleLambdaExecution",
        "GetTodosLogGroup"
      ]
    },
    "CreateTodoLambdaFunction": {
      "Type": "AWS::Lambda::Function",
      "Properties": {
        "Code": {
          "S3Bucket": {
            "Ref": "ServerlessDeploymentBucket"
          },
          "S3Key": "serverless/serverless-todo-app/dev/1679474820510-2023-03-22T08:47:00.510Z/serverless-todo-app.zip"
        },
        "Handler": "src/lambda/http/createTodo.handler",
        "Runtime": "nodejs14.x",
        "FunctionName": "serverless-todo-app-dev-CreateTodo",
        "MemorySize": 1024,
        "Timeout": 6,
        "TracingConfig": {
          "Mode": "PassThrough"
        },
        "Environment": {
          "Variables": {
            "TODOS_TABLE": "Todos-dev",
            "TODOS_CREATED_AT_INDEX": "CreatedAtIndex",
            "TODOS_TABLE_GSI": "userIdGSI",
            "ATTACHMENT_S3_BUCKET": "serverless-c4-todo-images-tinhdh-dev",
            "SIGNED_URL_EXPIRATION": "300"
          }
        },
        "Role": {
          "Fn::GetAtt": [
            "CreateTodoIamRoleLambdaExecution",
            "Arn"
          ]
        }
      },
      "DependsOn": [
        "CreateTodoIamRoleLambdaExecution",
        "CreateTodoLogGroup"
      ]
    },
    "UpdateTodoLambdaFunction": {
      "Type": "AWS::Lambda::Function",
      "Properties": {
        "Code": {
          "S3Bucket": {
            "Ref": "ServerlessDeploymentBucket"
          },
          "S3Key": "serverless/serverless-todo-app/dev/1679474820510-2023-03-22T08:47:00.510Z/serverless-todo-app.zip"
        },
        "Handler": "src/lambda/http/updateTodo.handler",
        "Runtime": "nodejs14.x",
        "FunctionName": "serverless-todo-app-dev-UpdateTodo",
        "MemorySize": 1024,
        "Timeout": 6,
        "TracingConfig": {
          "Mode": "PassThrough"
        },
        "Environment": {
          "Variables": {
            "TODOS_TABLE": "Todos-dev",
            "TODOS_CREATED_AT_INDEX": "CreatedAtIndex",
            "TODOS_TABLE_GSI": "userIdGSI",
            "ATTACHMENT_S3_BUCKET": "serverless-c4-todo-images-tinhdh-dev",
            "SIGNED_URL_EXPIRATION": "300"
          }
        },
        "Role": {
          "Fn::GetAtt": [
            "UpdateTodoIamRoleLambdaExecution",
            "Arn"
          ]
        }
      },
      "DependsOn": [
        "UpdateTodoIamRoleLambdaExecution",
        "UpdateTodoLogGroup"
      ]
    },
    "DeleteTodoLambdaFunction": {
      "Type": "AWS::Lambda::Function",
      "Properties": {
        "Code": {
          "S3Bucket": {
            "Ref": "ServerlessDeploymentBucket"
          },
          "S3Key": "serverless/serverless-todo-app/dev/1679474820510-2023-03-22T08:47:00.510Z/serverless-todo-app.zip"
        },
        "Handler": "src/lambda/http/deleteTodo.handler",
        "Runtime": "nodejs14.x",
        "FunctionName": "serverless-todo-app-dev-DeleteTodo",
        "MemorySize": 1024,
        "Timeout": 6,
        "TracingConfig": {
          "Mode": "PassThrough"
        },
        "Environment": {
          "Variables": {
            "TODOS_TABLE": "Todos-dev",
            "TODOS_CREATED_AT_INDEX": "CreatedAtIndex",
            "TODOS_TABLE_GSI": "userIdGSI",
            "ATTACHMENT_S3_BUCKET": "serverless-c4-todo-images-tinhdh-dev",
            "SIGNED_URL_EXPIRATION": "300"
          }
        },
        "Role": {
          "Fn::GetAtt": [
            "DeleteTodoIamRoleLambdaExecution",
            "Arn"
          ]
        }
      },
      "DependsOn": [
        "DeleteTodoIamRoleLambdaExecution",
        "DeleteTodoLogGroup"
      ]
    },
    "GenerateUploadUrlLambdaFunction": {
      "Type": "AWS::Lambda::Function",
      "Properties": {
        "Code": {
          "S3Bucket": {
            "Ref": "ServerlessDeploymentBucket"
          },
          "S3Key": "serverless/serverless-todo-app/dev/1679474820510-2023-03-22T08:47:00.510Z/serverless-todo-app.zip"
        },
        "Handler": "src/lambda/http/generateUploadUrl.handler",
        "Runtime": "nodejs14.x",
        "FunctionName": "serverless-todo-app-dev-GenerateUploadUrl",
        "MemorySize": 1024,
        "Timeout": 6,
        "TracingConfig": {
          "Mode": "PassThrough"
        },
        "Environment": {
          "Variables": {
            "TODOS_TABLE": "Todos-dev",
            "TODOS_CREATED_AT_INDEX": "CreatedAtIndex",
            "TODOS_TABLE_GSI": "userIdGSI",
            "ATTACHMENT_S3_BUCKET": "serverless-c4-todo-images-tinhdh-dev",
            "SIGNED_URL_EXPIRATION": "300"
          }
        },
        "Role": {
          "Fn::GetAtt": [
            "GenerateUploadUrlIamRoleLambdaExecution",
            "Arn"
          ]
        }
      },
      "DependsOn": [
        "GenerateUploadUrlIamRoleLambdaExecution",
        "GenerateUploadUrlLogGroup"
      ]
    },
    "AuthLambdaVersion5UBmoFhfK08YRwwg4XdGiHkyT3f1mTmBubqVyX0vz0": {
      "Type": "AWS::Lambda::Version",
      "DeletionPolicy": "Retain",
      "Properties": {
        "FunctionName": {
          "Ref": "AuthLambdaFunction"
        },
        "CodeSha256": "lvTx7vkR+z2les5e8cHSuEik/PoC5R/pjOqcmn/MYRc="
      }
    },
    "GetTodosLambdaVersion0v5I5R0dnMOAkVsB8CXNIF9dxCtYVb1lvuWwgyvbM": {
      "Type": "AWS::Lambda::Version",
      "DeletionPolicy": "Retain",
      "Properties": {
        "FunctionName": {
          "Ref": "GetTodosLambdaFunction"
        },
        "CodeSha256": "lvTx7vkR+z2les5e8cHSuEik/PoC5R/pjOqcmn/MYRc="
      }
    },
    "CreateTodoLambdaVersion3K7JlBeONJMrHAY9COM44Lz6RGlw3dHGh6ZMynL2mzA": {
      "Type": "AWS::Lambda::Version",
      "DeletionPolicy": "Retain",
      "Properties": {
        "FunctionName": {
          "Ref": "CreateTodoLambdaFunction"
        },
        "CodeSha256": "lvTx7vkR+z2les5e8cHSuEik/PoC5R/pjOqcmn/MYRc="
      }
    },
    "UpdateTodoLambdaVersion4HXPDCoWq0ckv8jJWOhBk3XELv8rZpbKkkDX6OkWS0": {
      "Type": "AWS::Lambda::Version",
      "DeletionPolicy": "Retain",
      "Properties": {
        "FunctionName": {
          "Ref": "UpdateTodoLambdaFunction"
        },
        "CodeSha256": "lvTx7vkR+z2les5e8cHSuEik/PoC5R/pjOqcmn/MYRc="
      }
    },
    "DeleteTodoLambdaVersionFLzYqU9uZmgQMi1cGLHGdo6YLYKwSeW6S1tzu73U": {
      "Type": "AWS::Lambda::Version",
      "DeletionPolicy": "Retain",
      "Properties": {
        "FunctionName": {
          "Ref": "DeleteTodoLambdaFunction"
        },
        "CodeSha256": "lvTx7vkR+z2les5e8cHSuEik/PoC5R/pjOqcmn/MYRc="
      }
    },
    "GenerateUploadUrlLambdaVersionqnvIaqf5mYsUEz3qpLJmC03rYkM3BunKr99tsOkY": {
      "Type": "AWS::Lambda::Version",
      "DeletionPolicy": "Retain",
      "Properties": {
        "FunctionName": {
          "Ref": "GenerateUploadUrlLambdaFunction"
        },
        "CodeSha256": "lvTx7vkR+z2les5e8cHSuEik/PoC5R/pjOqcmn/MYRc="
      }
    },
    "ApiGatewayRestApi": {
      "Type": "AWS::ApiGateway::RestApi",
      "Properties": {
        "Name": "dev-serverless-todo-app",
        "EndpointConfiguration": {
          "Types": [
            "EDGE"
          ]
        },
        "Policy": ""
      }
    },
    "ApiGatewayResourceTodos": {
      "Type": "AWS::ApiGateway::Resource",
      "Properties": {
        "ParentId": {
          "Fn::GetAtt": [
            "ApiGatewayRestApi",
            "RootResourceId"
          ]
        },
        "PathPart": "todos",
        "RestApiId": {
          "Ref": "ApiGatewayRestApi"
        }
      }
    },
    "ApiGatewayResourceTodosTodoidVar": {
      "Type": "AWS::ApiGateway::Resource",
      "Properties": {
        "ParentId": {
          "Ref": "ApiGatewayResourceTodos"
        },
        "PathPart": "{todoId}",
        "RestApiId": {
          "Ref": "ApiGatewayRestApi"
        }
      }
    },
    "ApiGatewayResourceTodosTodoidVarAttachment": {
      "Type": "AWS::ApiGateway::Resource",
      "Properties": {
        "ParentId": {
          "Ref": "ApiGatewayResourceTodosTodoidVar"
        },
        "PathPart": "attachment",
        "RestApiId": {
          "Ref": "ApiGatewayRestApi"
        }
      }
    },
    "ApiGatewayMethodTodosOptions": {
      "Type": "AWS::ApiGateway::Method",
      "Properties": {
        "AuthorizationType": "NONE",
        "HttpMethod": "OPTIONS",
        "MethodResponses": [
          {
            "StatusCode": "200",
            "ResponseParameters": {
              "method.response.header.Access-Control-Allow-Origin": true,
              "method.response.header.Access-Control-Allow-Headers": true,
              "method.response.header.Access-Control-Allow-Methods": true
            },
            "ResponseModels": {}
          }
        ],
        "RequestParameters": {},
        "Integration": {
          "Type": "MOCK",
          "RequestTemplates": {
            "application/json": "{statusCode:200}"
          },
          "ContentHandling": "CONVERT_TO_TEXT",
          "IntegrationResponses": [
            {
              "StatusCode": "200",
              "ResponseParameters": {
                "method.response.header.Access-Control-Allow-Origin": "'*'",
                "method.response.header.Access-Control-Allow-Headers": "'Content-Type,X-Amz-Date,Authorization,X-Api-Key,X-Amz-Security-Token,X-Amz-User-Agent,X-Amzn-Trace-Id'",
                "method.response.header.Access-Control-Allow-Methods": "'OPTIONS,POST,GET'"
              },
              "ResponseTemplates": {
                "application/json": ""
              }
            }
          ]
        },
        "ResourceId": {
          "Ref": "ApiGatewayResourceTodos"
        },
        "RestApiId": {
          "Ref": "ApiGatewayRestApi"
        }
      }
    },
    "ApiGatewayMethodTodosTodoidVarOptions": {
      "Type": "AWS::ApiGateway::Method",
      "Properties": {
        "AuthorizationType": "NONE",
        "HttpMethod": "OPTIONS",
        "MethodResponses": [
          {
            "StatusCode": "200",
            "ResponseParameters": {
              "method.response.header.Access-Control-Allow-Origin": true,
              "method.response.header.Access-Control-Allow-Headers": true,
              "method.response.header.Access-Control-Allow-Methods": true
            },
            "ResponseModels": {}
          }
        ],
        "RequestParameters": {},
        "Integration": {
          "Type": "MOCK",
          "RequestTemplates": {
            "application/json": "{statusCode:200}"
          },
          "ContentHandling": "CONVERT_TO_TEXT",
          "IntegrationResponses": [
            {
              "StatusCode": "200",
              "ResponseParameters": {
                "method.response.header.Access-Control-Allow-Origin": "'*'",
                "method.response.header.Access-Control-Allow-Headers": "'Content-Type,X-Amz-Date,Authorization,X-Api-Key,X-Amz-Security-Token,X-Amz-User-Agent,X-Amzn-Trace-Id'",
                "method.response.header.Access-Control-Allow-Methods": "'OPTIONS,DELETE,PATCH'"
              },
              "ResponseTemplates": {
                "application/json": ""
              }
            }
          ]
        },
        "ResourceId": {
          "Ref": "ApiGatewayResourceTodosTodoidVar"
        },
        "RestApiId": {
          "Ref": "ApiGatewayRestApi"
        }
      }
    },
    "ApiGatewayMethodTodosTodoidVarAttachmentOptions": {
      "Type": "AWS::ApiGateway::Method",
      "Properties": {
        "AuthorizationType": "NONE",
        "HttpMethod": "OPTIONS",
        "MethodResponses": [
          {
            "StatusCode": "200",
            "ResponseParameters": {
              "method.response.header.Access-Control-Allow-Origin": true,
              "method.response.header.Access-Control-Allow-Headers": true,
              "method.response.header.Access-Control-Allow-Methods": true
            },
            "ResponseModels": {}
          }
        ],
        "RequestParameters": {},
        "Integration": {
          "Type": "MOCK",
          "RequestTemplates": {
            "application/json": "{statusCode:200}"
          },
          "ContentHandling": "CONVERT_TO_TEXT",
          "IntegrationResponses": [
            {
              "StatusCode": "200",
              "ResponseParameters": {
                "method.response.header.Access-Control-Allow-Origin": "'*'",
                "method.response.header.Access-Control-Allow-Headers": "'Content-Type,X-Amz-Date,Authorization,X-Api-Key,X-Amz-Security-Token,X-Amz-User-Agent,X-Amzn-Trace-Id'",
                "method.response.header.Access-Control-Allow-Methods": "'OPTIONS,POST'"
              },
              "ResponseTemplates": {
                "application/json": ""
              }
            }
          ]
        },
        "ResourceId": {
          "Ref": "ApiGatewayResourceTodosTodoidVarAttachment"
        },
        "RestApiId": {
          "Ref": "ApiGatewayRestApi"
        }
      }
    },
    "ApiGatewayMethodTodosGet": {
      "Type": "AWS::ApiGateway::Method",
      "Properties": {
        "HttpMethod": "GET",
        "RequestParameters": {},
        "ResourceId": {
          "Ref": "ApiGatewayResourceTodos"
        },
        "RestApiId": {
          "Ref": "ApiGatewayRestApi"
        },
        "ApiKeyRequired": false,
        "AuthorizationType": "CUSTOM",
        "AuthorizerId": {
          "Ref": "AuthApiGatewayAuthorizer"
        },
        "Integration": {
          "IntegrationHttpMethod": "POST",
          "Type": "AWS_PROXY",
          "Uri": {
            "Fn::Join": [
              "",
              [
                "arn:",
                {
                  "Ref": "AWS::Partition"
                },
                ":apigateway:",
                {
                  "Ref": "AWS::Region"
                },
                ":lambda:path/2015-03-31/functions/",
                {
                  "Fn::GetAtt": [
                    "GetTodosLambdaFunction",
                    "Arn"
                  ]
                },
                "/invocations"
              ]
            ]
          }
        },
        "MethodResponses": []
      },
      "DependsOn": "AuthApiGatewayAuthorizer"
    },
    "ApiGatewayMethodTodosPost": {
      "Type": "AWS::ApiGateway::Method",
      "Properties": {
        "HttpMethod": "POST",
        "RequestParameters": {},
        "ResourceId": {
          "Ref": "ApiGatewayResourceTodos"
        },
        "RestApiId": {
          "Ref": "ApiGatewayRestApi"
        },
        "ApiKeyRequired": false,
        "AuthorizationType": "CUSTOM",
        "AuthorizerId": {
          "Ref": "AuthApiGatewayAuthorizer"
        },
        "Integration": {
          "IntegrationHttpMethod": "POST",
          "Type": "AWS_PROXY",
          "Uri": {
            "Fn::Join": [
              "",
              [
                "arn:",
                {
                  "Ref": "AWS::Partition"
                },
                ":apigateway:",
                {
                  "Ref": "AWS::Region"
                },
                ":lambda:path/2015-03-31/functions/",
                {
                  "Fn::GetAtt": [
                    "CreateTodoLambdaFunction",
                    "Arn"
                  ]
                },
                "/invocations"
              ]
            ]
          }
        },
        "MethodResponses": [],
        "RequestValidatorId": {
          "Ref": "RequestBodyValidator"
        },
        "RequestModels": {
          "application/json": {
            "Ref": "ApiGatewayMethodTodosPostApplicationJsonModel"
          }
        }
      },
      "DependsOn": "AuthApiGatewayAuthorizer"
    },
    "ApiGatewayMethodTodosTodoidVarPatch": {
      "Type": "AWS::ApiGateway::Method",
      "Properties": {
        "HttpMethod": "PATCH",
        "RequestParameters": {},
        "ResourceId": {
          "Ref": "ApiGatewayResourceTodosTodoidVar"
        },
        "RestApiId": {
          "Ref": "ApiGatewayRestApi"
        },
        "ApiKeyRequired": false,
        "AuthorizationType": "CUSTOM",
        "AuthorizerId": {
          "Ref": "AuthApiGatewayAuthorizer"
        },
        "Integration": {
          "IntegrationHttpMethod": "POST",
          "Type": "AWS_PROXY",
          "Uri": {
            "Fn::Join": [
              "",
              [
                "arn:",
                {
                  "Ref": "AWS::Partition"
                },
                ":apigateway:",
                {
                  "Ref": "AWS::Region"
                },
                ":lambda:path/2015-03-31/functions/",
                {
                  "Fn::GetAtt": [
                    "UpdateTodoLambdaFunction",
                    "Arn"
                  ]
                },
                "/invocations"
              ]
            ]
          }
        },
        "MethodResponses": [],
        "RequestValidatorId": {
          "Ref": "ApiGatewayServerlesstodoappRequestValidator"
        },
        "RequestModels": {
          "application/json": {
            "Ref": "ApiGatewayMethodTodosTodoidVarPatchApplicationJsonModel"
          }
        }
      },
      "DependsOn": "AuthApiGatewayAuthorizer"
    },
    "ApiGatewayMethodTodosTodoidVarDelete": {
      "Type": "AWS::ApiGateway::Method",
      "Properties": {
        "HttpMethod": "DELETE",
        "RequestParameters": {},
        "ResourceId": {
          "Ref": "ApiGatewayResourceTodosTodoidVar"
        },
        "RestApiId": {
          "Ref": "ApiGatewayRestApi"
        },
        "ApiKeyRequired": false,
        "AuthorizationType": "CUSTOM",
        "AuthorizerId": {
          "Ref": "AuthApiGatewayAuthorizer"
        },
        "Integration": {
          "IntegrationHttpMethod": "POST",
          "Type": "AWS_PROXY",
          "Uri": {
            "Fn::Join": [
              "",
              [
                "arn:",
                {
                  "Ref": "AWS::Partition"
                },
                ":apigateway:",
                {
                  "Ref": "AWS::Region"
                },
                ":lambda:path/2015-03-31/functions/",
                {
                  "Fn::GetAtt": [
                    "DeleteTodoLambdaFunction",
                    "Arn"
                  ]
                },
                "/invocations"
              ]
            ]
          }
        },
        "MethodResponses": []
      },
      "DependsOn": "AuthApiGatewayAuthorizer"
    },
    "ApiGatewayMethodTodosTodoidVarAttachmentPost": {
      "Type": "AWS::ApiGateway::Method",
      "Properties": {
        "HttpMethod": "POST",
        "RequestParameters": {},
        "ResourceId": {
          "Ref": "ApiGatewayResourceTodosTodoidVarAttachment"
        },
        "RestApiId": {
          "Ref": "ApiGatewayRestApi"
        },
        "ApiKeyRequired": false,
        "AuthorizationType": "CUSTOM",
        "AuthorizerId": {
          "Ref": "AuthApiGatewayAuthorizer"
        },
        "Integration": {
          "IntegrationHttpMethod": "POST",
          "Type": "AWS_PROXY",
          "Uri": {
            "Fn::Join": [
              "",
              [
                "arn:",
                {
                  "Ref": "AWS::Partition"
                },
                ":apigateway:",
                {
                  "Ref": "AWS::Region"
                },
                ":lambda:path/2015-03-31/functions/",
                {
                  "Fn::GetAtt": [
                    "GenerateUploadUrlLambdaFunction",
                    "Arn"
                  ]
                },
                "/invocations"
              ]
            ]
          }
        },
        "MethodResponses": []
      },
      "DependsOn": "AuthApiGatewayAuthorizer"
    },
    "ApiGatewayServerlesstodoappRequestValidator": {
      "Type": "AWS::ApiGateway::RequestValidator",
      "Properties": {
        "RestApiId": {
          "Ref": "ApiGatewayRestApi"
        },
        "ValidateRequestBody": true,
        "ValidateRequestParameters": true,
        "Name": "serverless-todo-app-dev | Validate request body and querystring parameters"
      }
    },
    "ApiGatewayMethodTodosPostApplicationJsonModel": {
      "Type": "AWS::ApiGateway::Model",
      "Properties": {
        "RestApiId": {
          "Ref": "ApiGatewayRestApi"
        },
        "ContentType": "application/json",
        "Schema": {
          "$schema": "http://json-schema.org/draft-04/schema#",
          "title": "group",
          "type": "object",
          "properties": {
            "name": {
              "type": "string",
              "minLength": 1
            },
            "dueDate": {
              "type": "string"
            }
          },
          "required": [
            "name",
            "dueDate"
          ],
          "additionalProperties": false
        }
      }
    },
    "ApiGatewayMethodTodosTodoidVarPatchApplicationJsonModel": {
      "Type": "AWS::ApiGateway::Model",
      "Properties": {
        "RestApiId": {
          "Ref": "ApiGatewayRestApi"
        },
        "ContentType": "application/json",
        "Schema": {
          "$schema": "http://json-schema.org/draft-04/schema#",
          "title": "group",
          "type": "object",
          "properties": {
            "name": {
              "type": "string"
            },
            "dueDate": {
              "type": "string"
            },
            "done": {
              "type": "boolean"
            }
          },
          "required": [
            "name",
            "dueDate",
            "done"
          ],
          "additionalProperties": false
        }
      }
    },
    "AuthApiGatewayAuthorizer": {
      "Type": "AWS::ApiGateway::Authorizer",
      "Properties": {
        "IdentitySource": "method.request.header.Authorization",
        "Name": "Auth",
        "RestApiId": {
          "Ref": "ApiGatewayRestApi"
        },
        "AuthorizerUri": {
          "Fn::Join": [
            "",
            [
              "arn:",
              {
                "Ref": "AWS::Partition"
              },
              ":apigateway:",
              {
                "Ref": "AWS::Region"
              },
              ":lambda:path/2015-03-31/functions/",
              {
                "Fn::GetAtt": [
                  "AuthLambdaFunction",
                  "Arn"
                ]
              },
              "/invocations"
            ]
          ]
        },
        "Type": "TOKEN"
      }
    },
    "ApiGatewayDeployment1679474790591": {
      "Type": "AWS::ApiGateway::Deployment",
      "Properties": {
        "RestApiId": {
          "Ref": "ApiGatewayRestApi"
        },
        "StageName": "dev"
      },
      "DependsOn": [
        "ApiGatewayMethodTodosOptions",
        "ApiGatewayMethodTodosTodoidVarOptions",
        "ApiGatewayMethodTodosTodoidVarAttachmentOptions",
        "ApiGatewayMethodTodosGet",
        "ApiGatewayMethodTodosPost",
        "ApiGatewayMethodTodosTodoidVarPatch",
        "ApiGatewayMethodTodosTodoidVarDelete",
        "ApiGatewayMethodTodosTodoidVarAttachmentPost"
      ]
    },
    "GetTodosLambdaPermissionApiGateway": {
      "Type": "AWS::Lambda::Permission",
      "Properties": {
        "FunctionName": {
          "Fn::GetAtt": [
            "GetTodosLambdaFunction",
            "Arn"
          ]
        },
        "Action": "lambda:InvokeFunction",
        "Principal": "apigateway.amazonaws.com",
        "SourceArn": {
          "Fn::Join": [
            "",
            [
              "arn:",
              {
                "Ref": "AWS::Partition"
              },
              ":execute-api:",
              {
                "Ref": "AWS::Region"
              },
              ":",
              {
                "Ref": "AWS::AccountId"
              },
              ":",
              {
                "Ref": "ApiGatewayRestApi"
              },
              "/*/*"
            ]
          ]
        }
      }
    },
    "AuthLambdaPermissionApiGateway": {
      "Type": "AWS::Lambda::Permission",
      "Properties": {
        "FunctionName": {
          "Fn::GetAtt": [
            "AuthLambdaFunction",
            "Arn"
          ]
        },
        "Action": "lambda:InvokeFunction",
        "Principal": "apigateway.amazonaws.com",
        "SourceArn": {
          "Fn::Join": [
            "",
            [
              "arn:",
              {
                "Ref": "AWS::Partition"
              },
              ":execute-api:",
              {
                "Ref": "AWS::Region"
              },
              ":",
              {
                "Ref": "AWS::AccountId"
              },
              ":",
              {
                "Ref": "ApiGatewayRestApi"
              },
              "/*/*"
            ]
          ]
        }
      }
    },
    "CreateTodoLambdaPermissionApiGateway": {
      "Type": "AWS::Lambda::Permission",
      "Properties": {
        "FunctionName": {
          "Fn::GetAtt": [
            "CreateTodoLambdaFunction",
            "Arn"
          ]
        },
        "Action": "lambda:InvokeFunction",
        "Principal": "apigateway.amazonaws.com",
        "SourceArn": {
          "Fn::Join": [
            "",
            [
              "arn:",
              {
                "Ref": "AWS::Partition"
              },
              ":execute-api:",
              {
                "Ref": "AWS::Region"
              },
              ":",
              {
                "Ref": "AWS::AccountId"
              },
              ":",
              {
                "Ref": "ApiGatewayRestApi"
              },
              "/*/*"
            ]
          ]
        }
      }
    },
    "UpdateTodoLambdaPermissionApiGateway": {
      "Type": "AWS::Lambda::Permission",
      "Properties": {
        "FunctionName": {
          "Fn::GetAtt": [
            "UpdateTodoLambdaFunction",
            "Arn"
          ]
        },
        "Action": "lambda:InvokeFunction",
        "Principal": "apigateway.amazonaws.com",
        "SourceArn": {
          "Fn::Join": [
            "",
            [
              "arn:",
              {
                "Ref": "AWS::Partition"
              },
              ":execute-api:",
              {
                "Ref": "AWS::Region"
              },
              ":",
              {
                "Ref": "AWS::AccountId"
              },
              ":",
              {
                "Ref": "ApiGatewayRestApi"
              },
              "/*/*"
            ]
          ]
        }
      }
    },
    "DeleteTodoLambdaPermissionApiGateway": {
      "Type": "AWS::Lambda::Permission",
      "Properties": {
        "FunctionName": {
          "Fn::GetAtt": [
            "DeleteTodoLambdaFunction",
            "Arn"
          ]
        },
        "Action": "lambda:InvokeFunction",
        "Principal": "apigateway.amazonaws.com",
        "SourceArn": {
          "Fn::Join": [
            "",
            [
              "arn:",
              {
                "Ref": "AWS::Partition"
              },
              ":execute-api:",
              {
                "Ref": "AWS::Region"
              },
              ":",
              {
                "Ref": "AWS::AccountId"
              },
              ":",
              {
                "Ref": "ApiGatewayRestApi"
              },
              "/*/*"
            ]
          ]
        }
      }
    },
    "GenerateUploadUrlLambdaPermissionApiGateway": {
      "Type": "AWS::Lambda::Permission",
      "Properties": {
        "FunctionName": {
          "Fn::GetAtt": [
            "GenerateUploadUrlLambdaFunction",
            "Arn"
          ]
        },
        "Action": "lambda:InvokeFunction",
        "Principal": "apigateway.amazonaws.com",
        "SourceArn": {
          "Fn::Join": [
            "",
            [
              "arn:",
              {
                "Ref": "AWS::Partition"
              },
              ":execute-api:",
              {
                "Ref": "AWS::Region"
              },
              ":",
              {
                "Ref": "AWS::AccountId"
              },
              ":",
              {
                "Ref": "ApiGatewayRestApi"
              },
              "/*/*"
            ]
          ]
        }
      }
    },
    "GetTodosIamRoleLambdaExecution": {
      "Type": "AWS::IAM::Role",
      "Properties": {
        "AssumeRolePolicyDocument": {
          "Version": "2012-10-17",
          "Statement": [
            {
              "Effect": "Allow",
              "Principal": {
                "Service": [
                  "lambda.amazonaws.com"
                ]
              },
              "Action": [
                "sts:AssumeRole"
              ]
            }
          ]
        },
        "Policies": [
          {
            "PolicyName": {
              "Fn::Join": [
                "-",
                [
                  "serverless-todo-app",
                  "dev",
                  "lambda"
                ]
              ]
            },
            "PolicyDocument": {
              "Version": "2012-10-17",
              "Statement": [
                {
                  "Effect": "Allow",
                  "Action": [
                    "logs:CreateLogStream",
                    "logs:CreateLogGroup",
                    "logs:PutLogEvents"
                  ],
                  "Resource": [
                    {
                      "Fn::Sub": "arn:${AWS::Partition}:logs:${AWS::Region}:${AWS::AccountId}:log-group:/aws/lambda/serverless-todo-app-dev-GetTodos:*:*"
                    }
                  ]
                },
                {
                  "Effect": "Allow",
                  "Action": [
                    "dynamodb:Query",
                    "dynamodb:Scan",
                    "dynamodb:GetItem",
                    "dynamodb:PutItem",
                    "dynamodb:UpdateItem",
                    "dynamodb:DeleteItem"
                  ],
                  "Resource": "arn:aws:dynamodb:us-east-1:*:table/Todos-dev"
                },
                {
                  "Effect": "Allow",
                  "Action": [
                    "xray:PutTelemetryRecords",
                    "xray:PutTraceSegments"
                  ],
                  "Resource": "*"
                }
              ]
            }
          }
        ],
        "Path": "/",
        "RoleName": {
          "Fn::Join": [
            "-",
            [
              "serverless-todo-app",
              "dev",
              "GetTodos",
              {
                "Ref": "AWS::Region"
              },
              "lambdaRole"
            ]
          ]
        },
        "ManagedPolicyArns": []
      }
    },
    "CreateTodoIamRoleLambdaExecution": {
      "Type": "AWS::IAM::Role",
      "Properties": {
        "AssumeRolePolicyDocument": {
          "Version": "2012-10-17",
          "Statement": [
            {
              "Effect": "Allow",
              "Principal": {
                "Service": [
                  "lambda.amazonaws.com"
                ]
              },
              "Action": [
                "sts:AssumeRole"
              ]
            }
          ]
        },
        "Policies": [
          {
            "PolicyName": {
              "Fn::Join": [
                "-",
                [
                  "serverless-todo-app",
                  "dev",
                  "lambda"
                ]
              ]
            },
            "PolicyDocument": {
              "Version": "2012-10-17",
              "Statement": [
                {
                  "Effect": "Allow",
                  "Action": [
                    "logs:CreateLogStream",
                    "logs:CreateLogGroup",
                    "logs:PutLogEvents"
                  ],
                  "Resource": [
                    {
                      "Fn::Sub": "arn:${AWS::Partition}:logs:${AWS::Region}:${AWS::AccountId}:log-group:/aws/lambda/serverless-todo-app-dev-CreateTodo:*:*"
                    }
                  ]
                },
                {
                  "Effect": "Allow",
                  "Action": [
                    "dynamodb:PutItem",
                    "dynamodb:UpdateItem"
                  ],
                  "Resource": "arn:aws:dynamodb:us-east-1:*:table/Todos-dev"
                },
                {
                  "Effect": "Allow",
                  "Action": [
                    "xray:PutTelemetryRecords",
                    "xray:PutTraceSegments"
                  ],
                  "Resource": "*"
                }
              ]
            }
          }
        ],
        "Path": "/",
        "RoleName": {
          "Fn::Join": [
            "-",
            [
              "serverless-todo-app",
              "dev",
              "CreateTodo",
              {
                "Ref": "AWS::Region"
              },
              "lambdaRole"
            ]
          ]
        },
        "ManagedPolicyArns": []
      }
    },
    "UpdateTodoIamRoleLambdaExecution": {
      "Type": "AWS::IAM::Role",
      "Properties": {
        "AssumeRolePolicyDocument": {
          "Version": "2012-10-17",
          "Statement": [
            {
              "Effect": "Allow",
              "Principal": {
                "Service": [
                  "lambda.amazonaws.com"
                ]
              },
              "Action": [
                "sts:AssumeRole"
              ]
            }
          ]
        },
        "Policies": [
          {
            "PolicyName": {
              "Fn::Join": [
                "-",
                [
                  "serverless-todo-app",
                  "dev",
                  "lambda"
                ]
              ]
            },
            "PolicyDocument": {
              "Version": "2012-10-17",
              "Statement": [
                {
                  "Effect": "Allow",
                  "Action": [
                    "logs:CreateLogStream",
                    "logs:CreateLogGroup",
                    "logs:PutLogEvents"
                  ],
                  "Resource": [
                    {
                      "Fn::Sub": "arn:${AWS::Partition}:logs:${AWS::Region}:${AWS::AccountId}:log-group:/aws/lambda/serverless-todo-app-dev-UpdateTodo:*:*"
                    }
                  ]
                },
                {
                  "Effect": "Allow",
                  "Action": [
                    "dynamodb:PutItem",
                    "dynamodb:UpdateItem"
                  ],
                  "Resource": "arn:aws:dynamodb:us-east-1:*:table/Todos-dev"
                },
                {
                  "Effect": "Allow",
                  "Action": [
                    "xray:PutTelemetryRecords",
                    "xray:PutTraceSegments"
                  ],
                  "Resource": "*"
                }
              ]
            }
          }
        ],
        "Path": "/",
        "RoleName": {
          "Fn::Join": [
            "-",
            [
              "serverless-todo-app",
              "dev",
              "UpdateTodo",
              {
                "Ref": "AWS::Region"
              },
              "lambdaRole"
            ]
          ]
        },
        "ManagedPolicyArns": []
      }
    },
    "DeleteTodoIamRoleLambdaExecution": {
      "Type": "AWS::IAM::Role",
      "Properties": {
        "AssumeRolePolicyDocument": {
          "Version": "2012-10-17",
          "Statement": [
            {
              "Effect": "Allow",
              "Principal": {
                "Service": [
                  "lambda.amazonaws.com"
                ]
              },
              "Action": [
                "sts:AssumeRole"
              ]
            }
          ]
        },
        "Policies": [
          {
            "PolicyName": {
              "Fn::Join": [
                "-",
                [
                  "serverless-todo-app",
                  "dev",
                  "lambda"
                ]
              ]
            },
            "PolicyDocument": {
              "Version": "2012-10-17",
              "Statement": [
                {
                  "Effect": "Allow",
                  "Action": [
                    "logs:CreateLogStream",
                    "logs:CreateLogGroup",
                    "logs:PutLogEvents"
                  ],
                  "Resource": [
                    {
                      "Fn::Sub": "arn:${AWS::Partition}:logs:${AWS::Region}:${AWS::AccountId}:log-group:/aws/lambda/serverless-todo-app-dev-DeleteTodo:*:*"
                    }
                  ]
                },
                {
                  "Effect": "Allow",
                  "Action": [
                    "dynamodb:PutItem",
                    "dynamodb:UpdateItem",
                    "dynamodb:DeleteItem"
                  ],
                  "Resource": "arn:aws:dynamodb:us-east-1:*:table/Todos-dev"
                },
                {
                  "Effect": "Allow",
                  "Action": [
                    "xray:PutTelemetryRecords",
                    "xray:PutTraceSegments"
                  ],
                  "Resource": "*"
                }
              ]
            }
          }
        ],
        "Path": "/",
        "RoleName": {
          "Fn::Join": [
            "-",
            [
              "serverless-todo-app",
              "dev",
              "DeleteTodo",
              {
                "Ref": "AWS::Region"
              },
              "lambdaRole"
            ]
          ]
        },
        "ManagedPolicyArns": []
      }
    },
    "GenerateUploadUrlIamRoleLambdaExecution": {
      "Type": "AWS::IAM::Role",
      "Properties": {
        "AssumeRolePolicyDocument": {
          "Version": "2012-10-17",
          "Statement": [
            {
              "Effect": "Allow",
              "Principal": {
                "Service": [
                  "lambda.amazonaws.com"
                ]
              },
              "Action": [
                "sts:AssumeRole"
              ]
            }
          ]
        },
        "Policies": [
          {
            "PolicyName": {
              "Fn::Join": [
                "-",
                [
                  "serverless-todo-app",
                  "dev",
                  "lambda"
                ]
              ]
            },
            "PolicyDocument": {
              "Version": "2012-10-17",
              "Statement": [
                {
                  "Effect": "Allow",
                  "Action": [
                    "logs:CreateLogStream",
                    "logs:CreateLogGroup",
                    "logs:PutLogEvents"
                  ],
                  "Resource": [
                    {
                      "Fn::Sub": "arn:${AWS::Partition}:logs:${AWS::Region}:${AWS::AccountId}:log-group:/aws/lambda/serverless-todo-app-dev-GenerateUploadUrl:*:*"
                    }
                  ]
                },
                {
                  "Effect": "Allow",
                  "Action": [
                    "dynamodb:Query",
                    "dynamodb:GetItem"
                  ],
                  "Resource": "arn:aws:dynamodb:us-east-1:*:table/Todos-dev"
                },
                {
                  "Effect": "Allow",
                  "Action": [
                    "xray:PutTelemetryRecords",
                    "xray:PutTraceSegments"
                  ],
                  "Resource": "*"
                }
              ]
            }
          }
        ],
        "Path": "/",
        "RoleName": {
          "Fn::Join": [
            "-",
            [
              "serverless-todo-app",
              "dev",
              "GenerateUploadUrl",
              {
                "Ref": "AWS::Region"
              },
              "lambdaRole"
            ]
          ]
        },
        "ManagedPolicyArns": []
      }
    },
    "GatewayResponseDefault4XX": {
      "Type": "AWS::ApiGateway::GatewayResponse",
      "Properties": {
        "ResponseParameters": {
          "gatewayresponse.header.Access-Control-Allow-Origin": "'*'",
          "gatewayresponse.header.Access-Control-Allow-Headers": "'Content-Type,X-Amz-Date,Authorization,X-Api-Key,X-Amz-Security-Token'",
          "gatewayresponse.header.Access-Control-Allow-Methods": "'GET,OPTIONS,POST'"
        },
        "ResponseType": "DEFAULT_4XX",
        "RestApiId": {
          "Ref": "ApiGatewayRestApi"
        }
      }
    },
    "TodosTable": {
      "Type": "AWS::DynamoDB::Table",
      "Properties": {
        "TableName": "Todos-dev",
        "AttributeDefinitions": [
          {
            "AttributeName": "todoId",
            "AttributeType": "S"
          },
          {
            "AttributeName": "userId",
            "AttributeType": "S"
          }
        ],
        "KeySchema": [
          {
            "AttributeName": "todoId",
            "KeyType": "HASH"
          }
        ],
        "BillingMode": "PAY_PER_REQUEST",
        "GlobalSecondaryIndexes": [
          {
            "IndexName": "userIdGSI",
            "KeySchema": [
              {
                "AttributeName": "userId",
                "KeyType": "HASH"
              }
            ],
            "Projection": {
              "ProjectionType": "ALL"
            }
          }
        ]
      }
    },
    "AttachmentsBucket": {
      "Type": "AWS::S3::Bucket",
      "Properties": {
        "BucketName": "serverless-c4-todo-images-tinhdh-dev",
        "CorsConfiguration": {
          "CorsRules": [
            {
              "AllowedOrigins": [
                "*"
              ],
              "AllowedHeaders": [
                "*"
              ],
              "AllowedMethods": [
                "GET",
                "PUT",
                "POST",
                "DELETE",
                "HEAD"
              ],
              "MaxAge": 3000
            }
          ]
        }
      }
    },
    "BucketPolicy": {
      "Type": "AWS::S3::BucketPolicy",
      "Properties": {
        "PolicyDocument": {
          "Id": "MyPolicy",
          "Version": "2012-10-17",
          "Statement": [
            {
              "Sid": "PublicReadForGetBucketObjects",
              "Effect": "Allow",
              "Principal": "*",
              "Action": [
                "s3:GetObject",
                "s3:PutObject"
              ],
              "Resource": "arn:aws:s3:::serverless-c4-todo-images-tinhdh-dev/*"
            }
          ]
        },
        "Bucket": {
          "Ref": "AttachmentsBucket"
        }
      }
    },
    "RequestBodyValidator": {
      "Type": "AWS::ApiGateway::RequestValidator",
      "Properties": {
        "Name": "request-body-validator",
        "RestApiId": {
          "Ref": "ApiGatewayRestApi"
        },
        "ValidateRequestBody": true,
        "ValidateRequestParameters": false
      }
    }
  },
  "Outputs": {
    "ServerlessDeploymentBucketName": {
      "Value": {
        "Ref": "ServerlessDeploymentBucket"
      },
      "Export": {
        "Name": "sls-serverless-todo-app-dev-ServerlessDeploymentBucketName"
      }
    },
    "AuthLambdaFunctionQualifiedArn": {
      "Description": "Current Lambda function version",
      "Value": {
        "Ref": "AuthLambdaVersion5UBmoFhfK08YRwwg4XdGiHkyT3f1mTmBubqVyX0vz0"
      },
      "Export": {
        "Name": "sls-serverless-todo-app-dev-AuthLambdaFunctionQualifiedArn"
      }
    },
    "GetTodosLambdaFunctionQualifiedArn": {
      "Description": "Current Lambda function version",
      "Value": {
        "Ref": "GetTodosLambdaVersion0v5I5R0dnMOAkVsB8CXNIF9dxCtYVb1lvuWwgyvbM"
      },
      "Export": {
        "Name": "sls-serverless-todo-app-dev-GetTodosLambdaFunctionQualifiedArn"
      }
    },
    "CreateTodoLambdaFunctionQualifiedArn": {
      "Description": "Current Lambda function version",
      "Value": {
        "Ref": "CreateTodoLambdaVersion3K7JlBeONJMrHAY9COM44Lz6RGlw3dHGh6ZMynL2mzA"
      },
      "Export": {
        "Name": "sls-serverless-todo-app-dev-CreateTodoLambdaFunctionQualifiedArn"
      }
    },
    "UpdateTodoLambdaFunctionQualifiedArn": {
      "Description": "Current Lambda function version",
      "Value": {
        "Ref": "UpdateTodoLambdaVersion4HXPDCoWq0ckv8jJWOhBk3XELv8rZpbKkkDX6OkWS0"
      },
      "Export": {
        "Name": "sls-serverless-todo-app-dev-UpdateTodoLambdaFunctionQualifiedArn"
      }
    },
    "DeleteTodoLambdaFunctionQualifiedArn": {
      "Description": "Current Lambda function version",
      "Value": {
        "Ref": "DeleteTodoLambdaVersionFLzYqU9uZmgQMi1cGLHGdo6YLYKwSeW6S1tzu73U"
      },
      "Export": {
        "Name": "sls-serverless-todo-app-dev-DeleteTodoLambdaFunctionQualifiedArn"
      }
    },
    "GenerateUploadUrlLambdaFunctionQualifiedArn": {
      "Description": "Current Lambda function version",
      "Value": {
        "Ref": "GenerateUploadUrlLambdaVersionqnvIaqf5mYsUEz3qpLJmC03rYkM3BunKr99tsOkY"
      },
      "Export": {
        "Name": "sls-serverless-todo-app-dev-GenerateUploadUrlLambdaFunctionQualifiedArn"
      }
    },
    "ServiceEndpoint": {
      "Description": "URL of the service endpoint",
      "Value": {
        "Fn::Join": [
          "",
          [
            "https://",
            {
              "Ref": "ApiGatewayRestApi"
            },
            ".execute-api.",
            {
              "Ref": "AWS::Region"
            },
            ".",
            {
              "Ref": "AWS::URLSuffix"
            },
            "/dev"
          ]
        ]
      },
      "Export": {
        "Name": "sls-serverless-todo-app-dev-ServiceEndpoint"
      }
    }
  }
}